{
	"credit": "Made with Blockbench",
	"textures": {
		"0": "lifesteal_assets:item/texture_grappling_hook",
		"particle": "lifesteal_assets:item/texture_grappling_hook"
	},
	"elements": [
		{
			"from": [7, 0, 5],
			"to": [10, 7, 8],
			"rotation": {"angle": 0, "axis": "y", "origin": [8, 2, 7]},
			"faces": {
				"north": {"uv": [0, 0, 3, 6], "texture": "#0"},
				"east": {"uv": [3, 0, 6, 6], "texture": "#0"},
				"south": {"uv": [0, 6, 3, 12], "texture": "#0"},
				"west": {"uv": [6, 0, 9, 6], "texture": "#0"},
				"up": {"uv": [6, 9, 3, 6], "texture": "#0"},
				"down": {"uv": [9, 6, 6, 9], "texture": "#0"}
			}
		},
		{
			"from": [8, 7, 6],
			"to": [9, 12, 7],
			"rotation": {"angle": 0, "axis": "y", "origin": [8, 5, 7]},
			"faces": {
				"north": {"uv": [9, 0, 10, 6], "texture": "#0"},
				"east": {"uv": [3, 9, 4, 15], "texture": "#0"},
				"south": {"uv": [4, 9, 5, 15], "texture": "#0"},
				"west": {"uv": [5, 9, 6, 15], "texture": "#0"},
				"up": {"uv": [10, 9, 9, 8], "texture": "#0"},
				"down": {"uv": [11, 0, 10, 1], "texture": "#0"}
			}
		},
		{
			"from": [6, 12, 6],
			"to": [8, 13, 7],
			"rotation": {"angle": 0, "axis": "y", "origin": [7, 6, 7]},
			"faces": {
				"north": {"uv": [6, 9, 8, 10], "texture": "#0"},
				"east": {"uv": [10, 1, 11, 2], "texture": "#0"},
				"south": {"uv": [9, 6, 11, 7], "texture": "#0"},
				"west": {"uv": [10, 2, 11, 3], "texture": "#0"},
				"up": {"uv": [11, 8, 9, 7], "texture": "#0"},
				"down": {"uv": [10, 9, 8, 10], "texture": "#0"}
			}
		},
		{
			"from": [5, 11, 6],
			"to": [6, 12, 7],
			"rotation": {"angle": 0, "axis": "y", "origin": [5, 5, 7]},
			"faces": {
				"north": {"uv": [10, 3, 11, 4], "texture": "#0"},
				"east": {"uv": [10, 4, 11, 5], "texture": "#0"},
				"south": {"uv": [10, 5, 11, 6], "texture": "#0"},
				"west": {"uv": [6, 10, 7, 11], "texture": "#0"},
				"up": {"uv": [8, 11, 7, 10], "texture": "#0"},
				"down": {"uv": [9, 10, 8, 11], "texture": "#0"}
			}
		}
	],
	"gui_light": "front",
	"display": {
		"thirdperson_righthand": {
			"rotation": [0, -90, 0],
			"translation": [-1.5, 3, 0]
		},
		"thirdperson_lefthand": {
			"rotation": [0, 90, 0],
			"translation": [1.5, 3, 0]
		},
		"firstperson_righthand": {
			"rotation": [0, -90, 25],
			"translation": [0, 4.75, 0.4],
			"scale": [1.5, 1.5, 1.5]
		},
		"firstperson_lefthand": {
			"rotation": [0, 90, -25],
			"translation": [4, 4.75, 0.4],
			"scale": [1.5, 1.5, 1.5]
		},
		"ground": {
			"rotation": [0, 0, 45],
			"translation": [0, 2.25, 0]
		},
		"gui": {
			"rotation": [0, -45, 45],
			"translation": [-2.5, 2, 0],
			"scale": [1.3, 1.3, 1.3]
		},
		"head": {
			"rotation": [-90, -90, -45],
			"translation": [-1.5, 8, -8.75]
		},
		"fixed": {
			"translation": [0, 0, 1]
		}
	},
	"groups": [
		{
			"name": "group",
			"origin": [5, 5, 7],
			"color": 0,
			"children": [0, 1, 2, 3]
		}
	]
}