{
	"credit": "Made with Blockbench",
	"textures": {
		"0": "lifesteal_assets:item/texture_thrower_tnt",
		"particle": "lifesteal_assets:item/texture_thrower_tnt"
	},
	"elements": [
		{
			"from": [6, 1, 7],
			"to": [7, 6, 9],
			"rotation": {"angle": 0, "axis": "y", "origin": [8, 2, 8]},
			"faces": {
				"north": {"uv": [8, 0, 9, 5], "texture": "#0"},
				"east": {"uv": [0, 0, 2, 5], "texture": "#0"},
				"south": {"uv": [8, 5, 9, 10], "texture": "#0"},
				"west": {"uv": [2, 0, 4, 5], "texture": "#0"},
				"up": {"uv": [11, 7, 10, 5], "texture": "#0"},
				"down": {"uv": [8, 10, 7, 12], "texture": "#0"}
			}
		},
		{
			"from": [9, 1, 7],
			"to": [10, 6, 9],
			"rotation": {"angle": 0, "axis": "y", "origin": [8, 2, 8]},
			"faces": {
				"north": {"uv": [9, 0, 10, 5], "texture": "#0"},
				"east": {"uv": [4, 0, 6, 5], "texture": "#0"},
				"south": {"uv": [9, 5, 10, 10], "texture": "#0"},
				"west": {"uv": [0, 5, 2, 10], "texture": "#0"},
				"up": {"uv": [11, 9, 10, 7], "texture": "#0"},
				"down": {"uv": [9, 10, 8, 12], "texture": "#0"}
			}
		},
		{
			"from": [7, 1, 6],
			"to": [9, 6, 7],
			"rotation": {"angle": 0, "axis": "y", "origin": [8, 2, 8]},
			"faces": {
				"north": {"uv": [2, 5, 4, 10], "texture": "#0"},
				"east": {"uv": [0, 10, 1, 15], "texture": "#0"},
				"south": {"uv": [4, 5, 6, 10], "texture": "#0"},
				"west": {"uv": [10, 0, 11, 5], "texture": "#0"},
				"up": {"uv": [11, 11, 9, 10], "texture": "#0"},
				"down": {"uv": [12, 9, 10, 10], "texture": "#0"}
			}
		},
		{
			"from": [7, 1, 9],
			"to": [9, 6, 10],
			"rotation": {"angle": 0, "axis": "y", "origin": [8, 2, 8]},
			"faces": {
				"north": {"uv": [6, 0, 8, 5], "texture": "#0"},
				"east": {"uv": [1, 10, 2, 15], "texture": "#0"},
				"south": {"uv": [6, 5, 8, 10], "texture": "#0"},
				"west": {"uv": [2, 10, 3, 15], "texture": "#0"},
				"up": {"uv": [13, 1, 11, 0], "texture": "#0"},
				"down": {"uv": [13, 1, 11, 2], "texture": "#0"}
			}
		},
		{
			"from": [7, 0, 7],
			"to": [9, 1, 9],
			"rotation": {"angle": 0, "axis": "y", "origin": [8, 2, 8]},
			"faces": {
				"north": {"uv": [11, 2, 13, 3], "texture": "#0"},
				"east": {"uv": [11, 3, 13, 4], "texture": "#0"},
				"south": {"uv": [11, 4, 13, 5], "texture": "#0"},
				"west": {"uv": [11, 5, 13, 6], "texture": "#0"},
				"up": {"uv": [5, 12, 3, 10], "texture": "#0"},
				"down": {"uv": [7, 10, 5, 12], "texture": "#0"}
			}
		}
	],
	"gui_light": "front",
	"display": {
		"thirdperson_righthand": {
			"translation": [0, 8, 0.5],
			"scale": [1.4, 1.4, 1.4]
		},
		"thirdperson_lefthand": {
			"translation": [0, 8, 0.5],
			"scale": [1.4, 1.4, 1.4]
		},
		"firstperson_righthand": {
			"rotation": [-60, -90, 0],
			"translation": [0, 7, -2.5],
			"scale": [1.3, 1.3, 1.3]
		},
		"firstperson_lefthand": {
			"rotation": [-60, -90, 0],
			"translation": [0, 7, -2.5],
			"scale": [1.3, 1.3, 1.3]
		},
		"ground": {
			"rotation": [-50, 0, 0],
			"translation": [0, 3.5, 0],
			"scale": [1.1, 1.1, 1.1]
		},
		"gui": {
			"rotation": [5, 35, -25],
			"translation": [2.25, 6.25, 0],
			"scale": [1.5, 1.5, 1.5]
		},
		"head": {
			"translation": [0, 13, 0],
			"scale": [1.3, 1.3, 1.3]
		},
		"fixed": {
			"translation": [0, 5, -0.25]
		}
	},
	"groups": [
		{
			"name": "group",
			"origin": [9, 0, 10],
			"color": 0,
			"children": [0, 1, 2, 3, 4]
		}
	]
}