{
  "parent": "minecraft:item/generated",
  "textures": {
    "layer0": "minecraft:block/jigsaw"
  },
  "overrides": [
    {"predicate": {"custom_model_data": 0}, "model": "minecraft:block/jigsaw"},
    {"predicate": {"custom_model_data": 1}, "model": "lifesteal_assets:item/heart"},
    {"predicate": {"custom_model_data": 2}, "model": "lifesteal_assets:item/grabber"},
    {"predicate": {"custom_model_data": 3}, "model": "lifesteal_assets:item/thrower"},
    {"predicate": {"custom_model_data": 4}, "model": "lifesteal_assets:item/thrower_tnt"}
  ]
}