{
	"credit": "Made with Blockbench",
	"texture_size": [32, 32],
	"textures": {
		"0": "block/texture_heart",
		"particle": "block/texture_heart"
	},
	"elements": [
		{
			"from": [0, 10, 7],
			"to": [16, 12, 9],
			"rotation": {"angle": 0, "axis": "y", "origin": [8, 11, 8]},
			"faces": {
				"north": {"uv": [0, 0, 8, 1], "texture": "#0"},
				"east": {"uv": [10.5, 11, 11.5, 12], "texture": "#0"},
				"south": {"uv": [0, 1, 8, 2], "texture": "#0"},
				"west": {"uv": [11.5, 11, 12.5, 12], "texture": "#0"},
				"up": {"uv": [8, 3, 0, 2], "texture": "#0"},
				"down": {"uv": [8, 3, 0, 4], "texture": "#0"}
			}
		},
		{
			"from": [9, 12, 7],
			"to": [14, 14, 9],
			"rotation": {"angle": 0, "axis": "y", "origin": [8, 13, 8]},
			"faces": {
				"north": {"uv": [8, 9, 10.5, 10], "texture": "#0"},
				"east": {"uv": [0, 12, 1, 13], "texture": "#0"},
				"south": {"uv": [0, 10, 2.5, 11], "texture": "#0"},
				"west": {"uv": [1, 12, 2, 13], "texture": "#0"},
				"up": {"uv": [5, 11, 2.5, 10], "texture": "#0"},
				"down": {"uv": [7.5, 10, 5, 11], "texture": "#0"}
			}
		},
		{
			"from": [2, 12, 7],
			"to": [7, 14, 9],
			"rotation": {"angle": 0, "axis": "y", "origin": [1, 13, 8]},
			"faces": {
				"north": {"uv": [7.5, 10, 10, 11], "texture": "#0"},
				"east": {"uv": [2, 12, 3, 13], "texture": "#0"},
				"south": {"uv": [10, 10, 12.5, 11], "texture": "#0"},
				"west": {"uv": [3, 12, 4, 13], "texture": "#0"},
				"up": {"uv": [13, 10, 10.5, 9], "texture": "#0"},
				"down": {"uv": [2.5, 11, 0, 12], "texture": "#0"}
			}
		},
		{
			"from": [1, 6, 7],
			"to": [15, 8, 9],
			"rotation": {"angle": 0, "axis": "y", "origin": [8, 7, 8]},
			"faces": {
				"north": {"uv": [0, 8, 7, 9], "texture": "#0"},
				"east": {"uv": [8.5, 11, 9.5, 12], "texture": "#0"},
				"south": {"uv": [8, 0, 15, 1], "texture": "#0"},
				"west": {"uv": [9.5, 11, 10.5, 12], "texture": "#0"},
				"up": {"uv": [15, 2, 8, 1], "texture": "#0"},
				"down": {"uv": [15, 2, 8, 3], "texture": "#0"}
			}
		},
		{
			"from": [2, 4, 7],
			"to": [14, 6, 9],
			"rotation": {"angle": 0, "axis": "y", "origin": [8, 5, 8]},
			"faces": {
				"north": {"uv": [8, 3, 14, 4], "texture": "#0"},
				"east": {"uv": [4, 12, 5, 13], "texture": "#0"},
				"south": {"uv": [8, 4, 14, 5], "texture": "#0"},
				"west": {"uv": [5, 12, 6, 13], "texture": "#0"},
				"up": {"uv": [14, 6, 8, 5], "texture": "#0"},
				"down": {"uv": [14, 6, 8, 7], "texture": "#0"}
			}
		},
		{
			"from": [4, 2, 7],
			"to": [12, 4, 9],
			"rotation": {"angle": 0, "axis": "y", "origin": [8, 3, 8]},
			"faces": {
				"north": {"uv": [7, 8, 11, 9], "texture": "#0"},
				"east": {"uv": [6, 12, 7, 13], "texture": "#0"},
				"south": {"uv": [8, 7, 12, 8], "texture": "#0"},
				"west": {"uv": [7, 12, 8, 13], "texture": "#0"},
				"up": {"uv": [4, 10, 0, 9], "texture": "#0"},
				"down": {"uv": [8, 9, 4, 10], "texture": "#0"}
			}
		},
		{
			"from": [0, 8, 7],
			"to": [16, 10, 9],
			"rotation": {"angle": 0, "axis": "y", "origin": [8, 9, 8]},
			"faces": {
				"north": {"uv": [0, 4, 8, 5], "texture": "#0"},
				"east": {"uv": [12, 7, 13, 8], "texture": "#0"},
				"south": {"uv": [0, 5, 8, 6], "texture": "#0"},
				"west": {"uv": [8, 12, 9, 13], "texture": "#0"},
				"up": {"uv": [8, 7, 0, 6], "texture": "#0"},
				"down": {"uv": [8, 7, 0, 8], "texture": "#0"}
			}
		},
		{
			"from": [6, 0, 7],
			"to": [10, 2, 9],
			"rotation": {"angle": 0, "axis": "y", "origin": [8, 1, 8]},
			"faces": {
				"north": {"uv": [2.5, 11, 4.5, 12], "texture": "#0"},
				"east": {"uv": [9, 12, 10, 13], "texture": "#0"},
				"south": {"uv": [4.5, 11, 6.5, 12], "texture": "#0"},
				"west": {"uv": [10, 12, 11, 13], "texture": "#0"},
				"up": {"uv": [8.5, 12, 6.5, 11], "texture": "#0"},
				"down": {"uv": [13, 8, 11, 9], "texture": "#0"}
			}
		}
	],
	"display": {
		"thirdperson_righthand": {
			"rotation": [90.55, -87.76, 89.81],
			"scale": [0.7, 0.7, 0.7]
		},
		"head": {
			"translation": [0, 5, 0]
		}
	},
	"groups": [
		{
			"name": "heart_grp",
			"origin": [8, 1, 8],
			"color": 0,
			"children": [0, 1, 2, 3, 4, 5, 6, 7]
		}
	]
}